-- MySQL dump 10.13  Distrib 5.7.23, for macos10.13 (x86_64)
--
-- Host: 127.0.0.1    Database: travely
-- ------------------------------------------------------
-- Server version 8.0.12

/*!40101 SET @OLD_CHARACTER_SET_CLIENT=@@CHARACTER_SET_CLIENT */;
/*!40101 SET @OLD_CHARACTER_SET_RESULTS=@@CHARACTER_SET_RESULTS */;
/*!40101 SET @OLD_COLLATION_CONNECTION=@@COLLATION_CONNECTION */;
/*!40101 SET NAMES utf8 */;
/*!40103 SET @OLD_TIME_ZONE=@@TIME_ZONE */;
/*!40103 SET TIME_ZONE='+00:00' */;
/*!40014 SET @OLD_UNIQUE_CHECKS=@@UNIQUE_CHECKS, UNIQUE_CHECKS=0 */;
/*!40014 SET @OLD_FOREIGN_KEY_CHECKS=@@FOREIGN_KEY_CHECKS, FOREIGN_KEY_CHECKS=0 */;
/*!40101 SET @OLD_SQL_MODE=@@SQL_MODE, SQL_MODE='NO_AUTO_VALUE_ON_ZERO' */;
/*!40111 SET @OLD_SQL_NOTES=@@SQL_NOTES, SQL_NOTES=0 */;

--
-- Table structure for table `akun`
--

DROP TABLE IF EXISTS `akun`;
/*!40101 SET @saved_cs_client     = @@character_set_client */;
/*!40101 SET character_set_client = utf8 */;
CREATE TABLE `akun` (
  `email` varchar(50) NOT NULL,
  `nama` varchar(100) NOT NULL,
  `password` varchar(25) NOT NULL,
  PRIMARY KEY (`email`)
) ENGINE=InnoDB DEFAULT CHARSET=utf8;
/*!40101 SET character_set_client = @saved_cs_client */;

--
-- Dumping data for table `akun`
--

LOCK TABLES `akun` WRITE;
/*!40000 ALTER TABLE `akun` DISABLE KEYS */;
INSERT INTO `akun` VALUES ('fajar@email.com','','fajar123'),('randy@email.com','','randy123'),('sample@sample.com','','sample'),('test@test.com','','test123');
/*!40000 ALTER TABLE `akun` ENABLE KEYS */;
UNLOCK TABLES;

--
-- Table structure for table `domisili`
--

DROP TABLE IF EXISTS `domisili`;
/*!40101 SET @saved_cs_client     = @@character_set_client */;
/*!40101 SET character_set_client = utf8 */;
CREATE TABLE `domisili` (
  `id_domisili` varchar(3) NOT NULL,
  `nama_domisili` varchar(30) NOT NULL,
  PRIMARY KEY (`id_domisili`)
) ENGINE=InnoDB DEFAULT CHARSET=utf8;
/*!40101 SET character_set_client = @saved_cs_client */;

--
-- Dumping data for table `domisili`
--

LOCK TABLES `domisili` WRITE;
/*!40000 ALTER TABLE `domisili` DISABLE KEYS */;
INSERT INTO `domisili` VALUES ('BDO','Bandung'),('CRN','Cirebon'),('JKT','Jakarta'),('MLG','Malang');
/*!40000 ALTER TABLE `domisili` ENABLE KEYS */;
UNLOCK TABLES;

--
-- Table structure for table `jadwal`
--

DROP TABLE IF EXISTS `jadwal`;
/*!40101 SET @saved_cs_client     = @@character_set_client */;
/*!40101 SET character_set_client = utf8 */;
CREATE TABLE `jadwal` (
  `id_jadwal` varchar(16) NOT NULL,
  `tanggal_berangkat` varchar(10) NOT NULL,
  `tanggal_tiba` varchar(10) NOT NULL,
  `stasiun_asal` varchar(16) NOT NULL,
  `stasiun_tujuan` varchar(16) NOT NULL,
  `waktu_berangkat` varchar(5) NOT NULL,
  `waktu_sampai` varchar(5) NOT NULL,
  `kereta` varchar(16) NOT NULL,
  PRIMARY KEY (`id_jadwal`),
  KEY `stasiun_asal` (`stasiun_asal`),
  KEY `stasiun_tujuan` (`stasiun_tujuan`),
  KEY `kereta` (`kereta`),
  CONSTRAINT `jadwal_ibfk_3` FOREIGN KEY (`kereta`) REFERENCES `kereta` (`id_kereta`) ON DELETE CASCADE ON UPDATE CASCADE,
  CONSTRAINT `jadwal_ibfk_4` FOREIGN KEY (`stasiun_asal`) REFERENCES `stasiun` (`id_stasiun`) ON DELETE CASCADE ON UPDATE CASCADE,
  CONSTRAINT `jadwal_ibfk_5` FOREIGN KEY (`stasiun_tujuan`) REFERENCES `stasiun` (`id_stasiun`) ON DELETE CASCADE ON UPDATE CASCADE
) ENGINE=InnoDB DEFAULT CHARSET=utf8;
/*!40101 SET character_set_client = @saved_cs_client */;

--
-- Dumping data for table `jadwal`
--

LOCK TABLES `jadwal` WRITE;
/*!40000 ALTER TABLE `jadwal` DISABLE KEYS */;
INSERT INTO `jadwal` VALUES ('178012021','2018-11-08','2018-11-08','KRC','SEN','14:00','18:00','AGL240'),('178021022','2018-11-08','2018-11-08','SEN','KRC','20:00','24:00','AGL240'),('178021023','2018-11-29','2018-11-29','ML','CR','15:00','20:00','AGL240'),('178021024','2018-11-29','2018-11-29','ML','CR','11:00','16:00','AGL190');
/*!40000 ALTER TABLE `jadwal` ENABLE KEYS */;
UNLOCK TABLES;

--
-- Table structure for table `kelas`
--

DROP TABLE IF EXISTS `kelas`;
/*!40101 SET @saved_cs_client     = @@character_set_client */;
/*!40101 SET character_set_client = utf8 */;
CREATE TABLE `kelas` (
  `id_kelas` varchar(16) NOT NULL,
  `nama_kelas` varchar(16) DEFAULT NULL,
  `harga` varchar(16) NOT NULL,
  PRIMARY KEY (`id_kelas`)
) ENGINE=InnoDB DEFAULT CHARSET=utf8;
/*!40101 SET character_set_client = @saved_cs_client */;

--
-- Dumping data for table `kelas`
--

LOCK TABLES `kelas` WRITE;
/*!40000 ALTER TABLE `kelas` DISABLE KEYS */;
INSERT INTO `kelas` VALUES ('EKONOMI','EKONOMI','100000'),('VIP','VIP','200000');
/*!40000 ALTER TABLE `kelas` ENABLE KEYS */;
UNLOCK TABLES;

--
-- Table structure for table `kereta`
--

DROP TABLE IF EXISTS `kereta`;
/*!40101 SET @saved_cs_client     = @@character_set_client */;
/*!40101 SET character_set_client = utf8 */;
CREATE TABLE `kereta` (
  `id_kereta` varchar(16) NOT NULL,
  `nama_kereta` varchar(20) NOT NULL,
  `kapasitas` int(3) NOT NULL,
  `kelas` varchar(16) NOT NULL,
  PRIMARY KEY (`id_kereta`),
  KEY `kelas` (`kelas`),
  CONSTRAINT `kereta_ibfk_1` FOREIGN KEY (`kelas`) REFERENCES `kelas` (`id_kelas`) ON DELETE CASCADE ON UPDATE CASCADE
) ENGINE=InnoDB DEFAULT CHARSET=utf8;
/*!40101 SET character_set_client = @saved_cs_client */;

--
-- Dumping data for table `kereta`
--

LOCK TABLES `kereta` WRITE;
/*!40000 ALTER TABLE `kereta` DISABLE KEYS */;
INSERT INTO `kereta` VALUES ('AGL190','Argo Lawu',200,'EKONOMI'),('AGL240','Argo Lawu',200,'EKONOMI'),('AGP123','Argo Parahyangan',200,'EKONOMI');
/*!40000 ALTER TABLE `kereta` ENABLE KEYS */;
UNLOCK TABLES;

--
-- Table structure for table `kursi`
--

DROP TABLE IF EXISTS `kursi`;
/*!40101 SET @saved_cs_client     = @@character_set_client */;
/*!40101 SET character_set_client = utf8 */;
CREATE TABLE `kursi` (
  `id_kursi` varchar(16) NOT NULL,
  `no_kursi` varchar(5) NOT NULL,
  `kereta` varchar(16) NOT NULL,
  PRIMARY KEY (`id_kursi`),
  KEY `kereta` (`kereta`),
  CONSTRAINT `kursi_ibfk_1` FOREIGN KEY (`kereta`) REFERENCES `kereta` (`id_kereta`) ON DELETE CASCADE ON UPDATE CASCADE
) ENGINE=InnoDB DEFAULT CHARSET=utf8;
/*!40101 SET character_set_client = @saved_cs_client */;

--
-- Dumping data for table `kursi`
--

LOCK TABLES `kursi` WRITE;
/*!40000 ALTER TABLE `kursi` DISABLE KEYS */;
INSERT INTO `kursi` VALUES ('123413','A3','AGL240'),('123475','B4','AGL240'),('123864','B3','AGL240'),('123971','B2','AGL240'),('127831','A4','AGL240'),('128341','B1','AGL240'),('129387','B1','AGP123'),('182750','B4','AGP123'),('182759','A1','AGL190'),('376231','A2','AGP123'),('394857','A1','AGP123'),('561274','B4','AGL190'),('617248','A4','AGP123'),('723523','B3','AGL190'),('752361','B1','AGL190'),('823475','B3','AGP123'),('871524','B2','AGL190'),('871526','A4','AGL190'),('875125','A2','AGL190'),('875126','A3','AGL190'),('876123','A1','AGL240'),('974129','A2','AGL240'),('981257','B2','AGP123'),('981275','A3','AGP123');
/*!40000 ALTER TABLE `kursi` ENABLE KEYS */;
UNLOCK TABLES;

--
-- Table structure for table `stasiun`
--

DROP TABLE IF EXISTS `stasiun`;
/*!40101 SET @saved_cs_client     = @@character_set_client */;
/*!40101 SET character_set_client = utf8 */;
CREATE TABLE `stasiun` (
  `id_stasiun` varchar(16) NOT NULL,
  `nama_stasiun` varchar(20) NOT NULL,
  `domisili` varchar(3) NOT NULL,
  PRIMARY KEY (`id_stasiun`),
  KEY `domisili` (`domisili`),
  CONSTRAINT `stasiun_ibfk_1` FOREIGN KEY (`domisili`) REFERENCES `domisili` (`id_domisili`) ON DELETE CASCADE ON UPDATE CASCADE
) ENGINE=InnoDB DEFAULT CHARSET=utf8;
/*!40101 SET character_set_client = @saved_cs_client */;

--
-- Dumping data for table `stasiun`
--

LOCK TABLES `stasiun` WRITE;
/*!40000 ALTER TABLE `stasiun` DISABLE KEYS */;
INSERT INTO `stasiun` VALUES ('BD','Bandung','BDO'),('CR','Cirebon','CRN'),('GMR','Gambir','JKT'),('KRC','Kiara Condong','BDO'),('ML','Malang','MLG'),('SEN','Pasar Senen','JKT');
/*!40000 ALTER TABLE `stasiun` ENABLE KEYS */;
UNLOCK TABLES;

--
-- Table structure for table `tiket`
--

DROP TABLE IF EXISTS `tiket`;
/*!40101 SET @saved_cs_client     = @@character_set_client */;
/*!40101 SET character_set_client = utf8 */;
CREATE TABLE `tiket` (
  `id_tiket` varchar(16) NOT NULL,
  `kursi` varchar(16) NOT NULL,
  `transaksi` varchar(16) NOT NULL,
  `identitas` varchar(16) NOT NULL,
  `nama` varchar(100) NOT NULL,
  `jadwal` varchar(16) NOT NULL,
  PRIMARY KEY (`id_tiket`),
  KEY `kursi` (`kursi`),
  KEY `transkasi` (`transaksi`),
  KEY `jadwal` (`jadwal`),
  CONSTRAINT `tiket_ibfk_4` FOREIGN KEY (`kursi`) REFERENCES `kursi` (`id_kursi`) ON DELETE CASCADE ON UPDATE CASCADE,
  CONSTRAINT `tiket_ibfk_6` FOREIGN KEY (`transaksi`) REFERENCES `transaksi` (`id_transaksi`) ON DELETE CASCADE ON UPDATE CASCADE,
  CONSTRAINT `tiket_ibfk_7` FOREIGN KEY (`jadwal`) REFERENCES `jadwal` (`id_jadwal`) ON DELETE CASCADE ON UPDATE CASCADE
) ENGINE=InnoDB DEFAULT CHARSET=utf8;
/*!40101 SET character_set_client = @saved_cs_client */;

--
-- Dumping data for table `tiket`
--

LOCK TABLES `tiket` WRITE;
/*!40000 ALTER TABLE `tiket` DISABLE KEYS */;
INSERT INTO `tiket` VALUES ('1544360012203','128341','1544360012195','9812731642','Nico','178021023'),('1544360012204','123971','1544360012195','9812731641','RIan','178021023'),('1544361592498','974129','1544361592495','128319246','Fajar','178021023');
/*!40000 ALTER TABLE `tiket` ENABLE KEYS */;
UNLOCK TABLES;

--
-- Table structure for table `transaksi`
--

DROP TABLE IF EXISTS `transaksi`;
/*!40101 SET @saved_cs_client     = @@character_set_client */;
/*!40101 SET character_set_client = utf8 */;
CREATE TABLE `transaksi` (
  `id_transaksi` varchar(16) NOT NULL,
  `tanggal` varchar(10) NOT NULL,
  `total` varchar(15) NOT NULL,
  `akun` varchar(50) NOT NULL,
  `status` varchar(20) NOT NULL,
  `tipe` varchar(10) NOT NULL,
  `bank` varchar(10) NOT NULL,
  PRIMARY KEY (`id_transaksi`),
  KEY `akun` (`akun`),
  CONSTRAINT `transaksi_ibfk_1` FOREIGN KEY (`akun`) REFERENCES `akun` (`email`) ON DELETE CASCADE ON UPDATE CASCADE
) ENGINE=InnoDB DEFAULT CHARSET=utf8;
/*!40101 SET character_set_client = @saved_cs_client */;

--
-- Dumping data for table `transaksi`
--

LOCK TABLES `transaksi` WRITE;
/*!40000 ALTER TABLE `transaksi` DISABLE KEYS */;
INSERT INTO `transaksi` VALUES ('1544360012195','2018-12-09','100000','test@test.com','Lunas','Transfer','BCA'),('1544361592495','2018-12-09','100000','fajar@email.com','Lunas','CC','-');
/*!40000 ALTER TABLE `transaksi` ENABLE KEYS */;
UNLOCK TABLES;

--
-- Dumping routines for database 'travely'
--
/*!40103 SET TIME_ZONE=@OLD_TIME_ZONE */;

/*!40101 SET SQL_MODE=@OLD_SQL_MODE */;
/*!40014 SET FOREIGN_KEY_CHECKS=@OLD_FOREIGN_KEY_CHECKS */;
/*!40014 SET UNIQUE_CHECKS=@OLD_UNIQUE_CHECKS */;
/*!40101 SET CHARACTER_SET_CLIENT=@OLD_CHARACTER_SET_CLIENT */;
/*!40101 SET CHARACTER_SET_RESULTS=@OLD_CHARACTER_SET_RESULTS */;
/*!40101 SET COLLATION_CONNECTION=@OLD_COLLATION_CONNECTION */;
/*!40111 SET SQL_NOTES=@OLD_SQL_NOTES */;

-- Dump completed on 2018-12-09 22:09:49
